condition,RBF_UCB,BMT_UCB,RBF_GM,RBF_epsilonGreedy
control,0.9876880012548095,0.008682635416858764,0.0019243327629998273,0.001705030565332003
PD+,0.9897874456710418,0.01001431524303075,0.00018717237054688426,1.1066715380662878e-05
PD-,0.9991806920828684,0.00041513337148375406,0.00017913084241398197,0.00022504370323395468
