"","","","par1","par2","par3"
"cv",2,104.571995684452,-0.107510210060677,-0.574943441707683,3.71781475835479
"cv",3,104.693934356495,-3.45674005264158,1.72638922878114,3.53033178427666
"cv",4,103.64735897413,0.941670225467533,0.536612703496964,3.96862972418027
"cv",5,103.636126920714,-1.32675205986015,1.92696029835489,3.78869796816247
"cv",6,105.229623702264,2.2421303450025,0.784685335191002,2.96445677200329
"cv",7,105.006727656348,3.57284107436108,0.423779755444449,3.16404768918876
"cv",8,101.485228795346,1.61422856959813,-0.572177874754724,3.49766331398173
"cv",9,104.397571697965,2.93049817974679,2.49873845036676,4.064856852067
