"","","","par1","par2","par3"
"cv",2,104.965560577904,0.348830237984657,0.80564060349514,3.20547818643357
"cv",3,105.420590921168,-2.89788504246968,1.22018813101216,2.81922758160493
"cv",4,104.380335977436,0.19920575978169,0.482775835535025,4.10655329839509
"cv",5,103.743770551398,-0.42253129097879,0.914435893606728,3.02708900104914
"cv",6,103.648737929934,1.08390577580653,1.88531134799858,3.4092012733134
"cv",7,105.029395378599,-3.00084686434142,-0.297769627702633,3.14191914021139
"cv",8,104.664864355756,-2.05597511489273,-0.165455966336172,3.57202037675872
"cv",9,101.185343494372,-1.78777120329365,-0.444259717288241,3.92052284879816
