"","","","par1","par2","par3"
"cv",2,104.652689271273,-3.88075169245608,-1.30077874990561,3.58999530951942
"cv",3,103.977851889845,3.57581493092208,3.13624429160513,2.64070880662482
"cv",4,105.364541599306,0.872259237247983,0.385804070056713,2.85982206429959
"cv",5,104.690907256034,-0.350044535286724,-1.13443554915532,3.53459492325783
"cv",6,105.039468560121,0.428641734154896,-0.616649983377916,3.13223424228131
"cv",7,105.131616156995,-0.551933427574113,0.772588593190442,3.04757283432995
"cv",8,104.268331769542,0.602821244971826,-0.862187123093736,2.36567776671539
"cv",9,105.040935256702,1.56167583120987,1.89566918582655,3.13083154834211
