"","","","par1","par2","par3"
"cv",2,104.628716256107,-2.13002536111511,0.879030845032982,3.62633491326124
"cv",3,104.795089114516,-3.31871382333338,-0.825296797727823,3.39715488859987
"cv",4,105.930168332767,-4.15335592280523,3.30456078325984,2.50748825879511
"cv",5,104.870611694771,2.34090060559189,1.61440180844642,3.30784136181396
"cv",6,104.868937322621,2.70021266623773,0.727340831066445,3.30974023562573
"cv",7,105.137341756585,0.15290713426657,1.7221964774541,3.04253176228121
"cv",8,103.656537707992,-1.99873990558134,0.339054587214455,3.35241834464249
"cv",9,104.923309672869,-4.85644335571358,0.417521171417961,3.24978752431072
