"","","","par1","par2","par3"
"cv",2,58.1946863155397,3.49011196878352,-1.15242339823633,0.697332471803087
"cv",3,75.157600704403,3.26417572046009,-1.14452146552503,0.234362955097143
"cv",4,111.3857473801,3.73963666963391,-1.0436722828971,0.591980463859918
"cv",5,104.631190775708,-1.01841900187232,-2.60956988153836,0.521679520203895
"cv",6,75.1556959449081,3.03322978364304,-1.12254261332401,0.31207801884453
"cv",7,119.329716928861,2.04686415696094,-2.35076047097792,0.164435314724389
"cv",8,106.391968774661,2.62777536138712,-2.343810285351,0.27425389458823
"cv",9,58.7711716642842,2.73631589398781,-2.15089400780518,0.775252111731432
