"","","","par1","par2"
"cv",2,89.6101856949874,2.40367435965491,-4.9999999999561
"cv",3,89.6549924876941,2.41843242749309,-4.99999999995046
"cv",4,6.39022565667917,2.43841427583233,-4.99999999998849
"cv",5,44.2707625541588,2.43455906896398,-4.99999999772315
"cv",6,86.9285534107599,2.40593907096855,-4.99999999999084
"cv",7,93.5028389737479,2.4346897162563,-4.99999999987629
"cv",8,36.0180742162751,2.43279988070128,-4.999999999989
"cv",9,63.6662684596837,2.41130541948439,-4.99999999961688
