"","","","par1","par2"
"cv",2,106.000686861393,2.84751982688175,-4.99999999220929
"cv",3,82.4185005706338,2.82205154528399,-4.99999999996485
"cv",4,102.925963538516,2.86674654752376,-4.99999999999104
"cv",5,98.2384759932452,2.88048546688472,-4.99999999996731
"cv",6,104.128689643144,2.86057332289298,-4.9999999468825
"cv",7,105.533049993526,2.85300299638516,-4.99999999939745
"cv",8,87.4307789571784,2.93645867397888,-4.99999988428063
"cv",9,105.641485542221,2.85196928070178,-4.99999999773612
