"","","","par1","par2"
"cv",2,104.647376695237,1.47881758150696,-2.54770435713518
"cv",3,88.4166207438109,1.81552586837881,-2.91397795827044
"cv",4,94.9340750417787,1.65073167459156,-2.72261639786967
"cv",5,100.027232328879,1.51858718072391,-2.60927644088105
"cv",6,105.27199060768,1.45197395351378,-2.52929179315907
"cv",7,105.195270935084,1.45355222093105,-2.5303782648565
"cv",8,89.6390722760048,1.44813841305951,-2.41073467643875
"cv",9,105.365028719994,1.44160740431316,-2.52237749315668
