"","","","par1","par2","par3"
"cv",2,100.061153495548,2.42979791219602,-1.56958251057551,-4.99910122355531
"cv",3,103.552556734166,2.25713860587575,-1.50761903677957,-4.69171709710922
"cv",4,102.032346585648,2.48293305941344,-1.51910201176773,-4.99997777971565
"cv",5,87.9153074713449,-4.99999990623481,-1.82842842550393,-2.46413277235449
"cv",6,98.9990377057734,2.44943097030822,-1.4732712832744,-4.97200563998509
"cv",7,114.284894268578,-4.99999942531549,-1.69642754860868,-3.18181382917349
"cv",8,103.561798059931,2.36905502777755,-1.5146069507871,-4.85487855005189
"cv",9,100.777881338656,2.45525468951777,-1.48167789478787,-4.99019037927898
