"","","","par1","par2","par3"
"cv",2,96.3537191084136,2.05830585102207,-1.16202604984244,-4.99995340630527
"cv",3,99.7701234169264,2.05979287983042,-1.16798000944644,-4.99947893567036
"cv",4,113.226877981027,1.90821571173808,-1.20217621412229,-4.99999976725042
"cv",5,98.367826655359,2.05661732583206,-1.16216168195824,-4.99999466600358
"cv",6,112.728289911048,-4.98600565584871,-1.56208531499837,-4.97008864939441
"cv",7,62.7855876625057,2.08811474057963,-1.19272113520117,-4.80668693598823
"cv",8,52.4112250598948,2.17588473693468,-1.17688457108695,-4.99621858663567
"cv",9,100.70207151878,2.04606558889917,-1.16967503250474,-4.99964742297896
