"","","","par1","par2","par3"
"cv",2,98.0411177847677,1.14612336306854,3.04761652209488,-2.15323077941565
"cv",3,98.0411177847677,-1.22299494230552,1.70253511763156,-2.94216672477259
"cv",4,98.0411177847677,-1.39550084844647,1.42222658193654,-1.92463599732182
"cv",5,98.0411177847677,-0.925356418311893,2.65313238303331,-4.55302473290222
"cv",6,98.0411177847677,-1.32527218699722,3.32429415175129,-4.56016686694892
"cv",7,98.0411177847677,-2.54096347318109,3.62373535425897,-0.388483347143437
"cv",8,98.0411177847677,0.467984412899595,2.06520758107334,-4.75322261902383
"cv",9,98.0411177847677,-1.01816703774129,3.35747050705397,-0.585010594795089
