"","","","par1","par2","par3"
"cv",2,98.0411177847677,-4.3306220050413,2.18624081713066,-1.29572508839645
"cv",3,98.0411177847677,-3.45993002582274,3.30365657832854,-1.53767926360536
"cv",4,98.0411177847677,-4.95700157224201,2.13431733360998,-2.74001503695631
"cv",5,98.0411177847677,-2.84379832367528,2.17156597327412,-4.03535539160173
"cv",6,98.0411177847677,0.118119694877722,1.44498533917922,-3.99119959565776
"cv",7,98.0411177847677,-3.47040970853735,2.44787196076309,-0.870036357221317
"cv",8,98.0411177847677,-3.43292651185766,2.71545892468678,-0.876961205204292
"cv",9,98.0411177847677,-3.77255917941358,2.22849263413648,-1.11636200559159
