"","","","par1","par2","par3"
"cv",2,99.7878179103183,0.279150105816045,-2.54929061650194,-2.44288094038536
"cv",3,95.2624198457779,0.366515224449491,-2.49654130071668,-2.51767395177412
"cv",4,97.2372918122054,-0.0206196642382127,-2.5610396996876,-2.40463904805752
"cv",5,94.285360135747,0.287803625704123,-2.36131646100793,-2.45161224306737
"cv",6,101.024484006585,-0.284677207459124,-2.5823383851615,-2.46219906653297
"cv",7,88.1983019974624,0.227524971149614,-2.43499548827883,-2.39207556603507
"cv",8,90.5355551986692,0.243750462273414,-2.21722373352479,-2.4926245898319
"cv",9,99.7738528299614,0.219955792549262,-2.23368058923787,-2.52671624492429
