"","","","par1","par2","par3"
"cv",2,98.2079608384908,-0.586771338298109,0.309460401900019,-0.552714704448433
"cv",3,105.890481603608,-0.320123719996692,2.15360214448746,-3.39534509450601
"cv",4,98.1597550918887,-0.16772362131521,0.781180946665403,-0.237274039873247
"cv",5,98.1637134991013,1.33552060436118,1.07269767620958,-1.48627756212778
"cv",6,98.197408577428,1.39249506314623,0.887675419530019,-1.76104689610537
"cv",7,98.207828140893,-0.209643717895121,0.386005992751927,-0.615416276794573
"cv",8,98.176323694934,0.410952515228539,0.801847630317061,-0.591927947215419
"cv",9,98.1961855320652,-0.14426987831938,0.489624280554884,-0.541330377629191
