"","","","par1","par2","par3"
"cv",2,98.0411177847677,-0.63622434199457,1.52441924605775,-3.75741520720398
"cv",3,98.0411177847677,-2.26712957222975,3.89575866087644,-1.54017315199464
"cv",4,98.0411177847677,-0.857991369555997,0.140830541844314,-3.26704303093565
"cv",5,98.0411177847677,-4.74058418902692,2.5313696222629,-2.66120654040716
"cv",6,98.0411177847677,-2.65407166127824,2.45765656793187,-4.51559650807749
"cv",7,98.0411177847677,-2.42466241826546,1.35407823840128,-2.11567678638831
"cv",8,98.0411177847677,-1.31435238635591,2.79030183744812,-4.67321581641562
"cv",9,98.0411177847677,-0.959454948910521,0.305125041636636,-3.90302590610331
