"","","","par1","par2","par3"
"cv",2,98.1885383031379,-0.933133047572663,3.17556726376048,2.35376249484293
"cv",3,98.1849354224722,-2.15985812114222,3.65467582267001,2.46236664983326
"cv",4,98.1855019055664,0.491849036188796,3.16485630782976,1.57410271586291
"cv",5,98.1866657062631,-0.964948391283344,3.86462152051484,2.11215238395773
"cv",6,98.1848603943517,-1.49199741400725,3.15040297566411,2.44527157804923
"cv",7,98.1840654180702,-1.89783578201413,3.2715315571652,2.47292309504607
"cv",8,105.890481603608,1.33630739082582,3.24427881883351,-4.57301765548152
"cv",9,98.1848121529443,-0.402212324434951,3.09914455548048,2.20839268067013
