"","","","par1","par2","par3"
"cv",2,167.636957068584,1.83499024445938,-1.4985449511676,-4.99999990924658
"cv",3,4.19688122724599,1.21940014423258,-1.58183217187324,-3.84173986085912
"cv",4,71.840951112106,1.26672804679369,-1.62478231868756,-3.82669320399158
"cv",5,99.2367401514084,1.25653786195819,-1.61317198670346,-3.8584523945385
"cv",6,78.6013285417494,-4.999987793227,-1.95408036297824,-3.54325802840835
"cv",7,19.9975755010497,-4.9999121407625,-1.97820322852448,-3.44204051663608
"cv",8,112.204435441668,1.65135047886508,-1.22382914870577,-4.98182012236643
"cv",9,102.675273411326,1.16794541920354,-1.66521916696139,-3.76029200909469
