"","","","par1","par2","par3"
"cv",2,98.0411177847677,-2.77144090703298,3.79748489921553,-3.76180923884591
"cv",3,98.0411177847677,-3.05484994127469,0.671950558602479,-3.98642334340375
"cv",4,98.0411177847677,-1.51474100910127,1.62425648329933,-2.19852054836998
"cv",5,98.0411177847677,0.499757341794205,1.99635895966961,-2.91183396017419
"cv",6,98.0411177847677,-1.5144216245863,1.58033710525827,-4.83814973672278
"cv",7,98.0411177847677,-0.321442376416997,1.49217485222698,-2.79699177693512
"cv",8,98.0411177847677,-0.584460915764794,0.531158362944887,-2.73310228927412
"cv",9,98.0411177847677,-3.44631029684144,3.95584999785492,-2.95741941102307
