"","","","par1","par2","par3"
"cv",2,98.6661455069897,1.37711835983361,3.1353908397723,0.771652942425041
"cv",3,98.6498620340128,1.52370000485055,2.97294619854929,0.593920942529228
"cv",4,98.6772157738778,3.31572880250791,3.09434032312534,-2.69807877127636
"cv",5,98.6395550430977,1.64412755323574,3.03727858246618,0.448873751703651
"cv",6,98.6100653739594,2.12345643760636,3.08215842721836,-0.412388115699724
"cv",7,98.6737615995437,1.86681220666729,3.05812094931476,0.0956526066901162
"cv",8,129.289136859417,0.0584297509846233,3.1488349920997,-1.45242619659509
"cv",9,98.6769646743466,1.30338797795111,3.1401295769163,0.892585947394238
