"","","","par1","par2","par3"
"cv",2,102.836154187438,-2.59381166892777,-1.24485607269538,-0.74403453955269
"cv",3,102.658571292905,-0.900767996190134,-1.08832107962946,-0.609288119732654
"cv",4,101.030864776224,-0.893358178737247,-1.23619792956787,-0.657530903884661
"cv",5,104.330379779434,3.65417885671128,0.742647873810227,-4.9074156180897
"cv",6,106.416888021249,-0.687340039636684,-1.1696661242623,-0.99251242138464
"cv",7,102.30916504731,-0.841960274091605,-1.29648257481509,-0.829709138373327
"cv",8,104.634455197966,-1.65945490622987,-0.46380315500398,0.0476990553413997
"cv",9,102.080487940794,2.79198743039113,-0.627529940254284,-4.54083699567844
