"","","","par1","par2","par3"
"cv",2,98.3404658469143,1.98189226572662,1.13124795785173,-2.34225392399636
"cv",3,98.3330149292863,0.357695039510336,3.63483684679218,0.322402139368195
"cv",4,102.385371457543,-3.52999746383645,3.4833199838635,2.53673812503911
"cv",5,103.138529210247,1.90359917539189,-0.195705110177127,-3.84767269167889
"cv",6,98.3818487579126,0.705873132856169,0.721168198875799,-0.747570079073906
"cv",7,98.3723520375138,2.62099091271607,0.892142242209508,-3.815639681165
"cv",8,98.3119394369196,2.3797206639091,1.8372829912119,-2.39400658850008
"cv",9,98.327166458634,1.28539071047202,1.90500590272083,-0.342712292304375
