"","","","par1","par2","par3"
"cv",2,98.0411177847677,-0.538519590910007,3.4095042044993,-2.15275992014709
"cv",3,98.0411177847677,-0.33908984328145,2.21290389580407,-1.25954856699446
"cv",4,98.0411177847677,-0.505558157936253,3.65606017053279,-2.11853767666387
"cv",5,98.0411177847677,-0.702513548536095,3.08703354744149,-1.40981242220364
"cv",6,98.0411177847677,-4.13288982952029,1.46746547511506,-3.05650371818361
"cv",7,98.0411177847677,-0.248923346865922,1.45530020604291,-4.5546374377169
"cv",8,98.0411177847677,1.60224917235502,2.95094219081357,-3.30421453152339
"cv",9,98.0411177847677,-1.26432546671161,0.504186226782032,-4.95961195239875
