"","","","par1","par2","par3"
"cv",2,121.513881012731,-3.04493839637602,3.8621246072377,-3.42420501916178
"cv",3,98.4746367219623,1.84028900848044,3.10312617201804,0.0405612774441317
"cv",4,98.4687465611759,0.512334542810946,3.14474138520401,1.91754057395944
"cv",5,98.4846680082214,0.814283351007016,3.02904395128323,1.57814850864168
"cv",6,98.5005559798209,0.327240804783423,3.07290321414409,2.12858907322748
"cv",7,98.487050845255,0.461227122226544,3.23032572063716,1.83787211656564
"cv",8,98.4921752141676,-0.349316563546823,3.42661574325017,2.37198468650199
"cv",9,98.4818675795819,0.8006406544938,3.06360664553066,1.62855283807239
