"","","","par1","par2","par3"
"cv",2,98.0411177847677,-1.42111048060874,1.31053558785872,-2.98666313663125
"cv",3,98.0411177847677,-2.39932561768616,2.12925790570766,-3.30364020734333
"cv",4,98.0411177847677,-0.6706798912847,1.20063518863899,-2.81150524056675
"cv",5,98.0411177847677,-1.29981943339626,3.26246723069087,-1.57914075540848
"cv",6,98.0411177847677,1.52024711468202,2.59698474039383,-4.35311116037751
"cv",7,98.0411177847677,-4.19385918715108,2.1587405053433,-2.12658300382168
"cv",8,98.0411177847677,-2.10750363071632,-0.555442630782255,-3.85578856662856
"cv",9,98.0411177847677,-3.64982074755244,1.89126277040695,-2.8365151365087
