"","","","par1","par2","par3"
"cv",2,72.7529446559485,2.05698464732478,-1.47292396082809,-4.99997403238735
"cv",3,100.718430849417,2.14895409420525,-1.71661298235081,-4.99999813733228
"cv",4,67.5723314550311,2.22197615521247,-1.802250767331,-4.99999650217468
"cv",5,102.611977141001,2.20032422793049,-1.8301205613571,-4.99998705774722
"cv",6,105.410108487482,2.20116249998189,-1.87273319807528,-4.99999868955392
"cv",7,44.585889635509,2.20327006465912,-1.79228579698209,-4.99997790569534
"cv",8,82.9996124467617,2.12079826077019,-1.76902286915724,-4.99998017825966
"cv",9,26.7032247395685,2.21933227979188,-1.79553629809077,-4.99999631421987
