"","","","par1","par2","par3"
"cv",2,129.289136859417,-4.76697081682708,1.36799513943215,-3.42875474584763
"cv",3,98.6173048922096,0.87401432600156,3.14412240531579,1.58196560890184
"cv",4,98.6563241676062,1.2122203734145,3.10901400376349,1.23100538583395
"cv",5,98.6555260033188,0.721642254451639,3.11589302069739,1.87865550972794
"cv",6,98.6409534681792,1.3730799479855,2.93099598791772,0.800814840319272
"cv",7,98.6699808913261,1.26149372487888,3.11431076223424,1.12731784434171
"cv",8,98.6488048949494,0.53666268730844,3.13709837897192,2.03708629669555
"cv",9,98.6095243312769,0.665460504352762,3.05674461573435,1.8781706638816
