"","","","par1","par2","par3"
"cv",2,98.0411177847677,-2.28315195386661,-0.425744591281631,-4.15836517326534
"cv",3,98.0411177847677,0.831133543220208,2.77465181843588,-3.64103949167986
"cv",4,98.0411177847677,-3.61776826859029,3.32731138616794,-3.62467352498913
"cv",5,98.0411177847677,-1.82393829139119,1.8132452516782,-2.02073334227316
"cv",6,98.0411177847677,-4.59796236347035,0.798557012295413,-3.94133048661175
"cv",7,98.0411177847677,1.2850713041155,2.63603196140085,-3.25198176489838
"cv",8,98.0411177847677,-1.0627565930791,2.31684422132502,-2.72176692664743
"cv",9,98.0411177847677,-1.12876573544778,0.433429810807755,-4.78294046124293
