"","","","par1","par2","par3"
"cv",2,105.541026914232,-1.99164952889399,-0.710142208263278,1.72928433274612
"cv",3,105.553161544973,-1.75466803903863,2.91793124668808,1.72503338536096
"cv",4,96.1178788720337,-2.06713548038492,3.8003973024165,2.18546194091228
"cv",5,100.355232927544,-1.98530843075694,-0.716179996456217,1.95777609530653
"cv",6,98.0004405584545,-0.711009004164537,-0.796686698046908,1.80633201375717
"cv",7,100.498406389434,-2.04685488741428,2.99648823769711,1.74407145067067
"cv",8,103.435591022252,-1.8082982722499,1.9611592249594,1.54546641900721
"cv",9,100.589618011474,-0.691607019878406,-0.792572449623896,1.66052296869449
