"","","","par1","par2","par3"
"cv",2,112.462225965633,-1.70238945791083,-0.760682601683578,0.905365412558089
"cv",3,96.1247187148433,-0.670292728092546,-0.779021125088457,0.857584941441392
"cv",4,89.4096644207391,-1.55469524053575,2.86240475856272,1.06595445318785
"cv",5,86.8123569416068,-1.75264799848908,2.03753822745268,1.3569824104942
"cv",6,102.07786199127,-1.51837117209687,0.284831276328058,1.03300225187515
"cv",7,106.956916569583,-0.589245410610233,-0.792016966883435,0.718249046305884
"cv",8,92.685336812015,-0.513837702239063,-0.804530795261086,0.926016966154517
"cv",9,95.7594404789606,-1.6208649875132,1.88414058174054,1.02228636477812
