"","","","par1","par2","par3"
"cv",2,109.015879079911,-1.85617365802329,1.41716752900376,0.930464536316462
"cv",3,105.383817303378,-2.06490740865204,3.24380534049124,1.00392948929203
"cv",4,101.364120703436,-2.06383050277528,1.57244463221768,1.25747301108606
"cv",5,87.2581693412182,-1.95831534527583,-0.580001651704821,1.52145223271928
"cv",6,89.5416729076786,-1.86166639612866,2.86533018509505,1.25486998463316
"cv",7,87.1470329667461,-2.07659126968392,1.71616727237187,1.48343814199934
"cv",8,99.1261270860104,-2.0810359731381,2.28573193832498,0.958335695896164
"cv",9,86.9975509633428,-1.81564636393076,3.83107729764198,1.42950912800191
