"","","","par1","par2","par3"
"cv",2,89.7697646020875,-0.731738321841881,-0.279823824000077,1.41766779942537
"cv",3,106.797107019554,-1.88900823875817,3.07605080112321,1.36685373193856
"cv",4,95.38419360182,-0.807845044896738,0.24140437349661,1.38768545757969
"cv",5,92.6439405839654,-1.77571328428956,2.4981043857879,0.959391855882419
"cv",6,95.4270224538592,-1.9885442205699,3.87163782460348,1.29543289704805
"cv",7,76.8538270686527,-2.10255013673681,0.672815429974679,1.58342084439961
"cv",8,111.459902571517,-2.05416562176236,-0.302457499658016,1.05210583677468
"cv",9,107.47052256977,-1.95985585221511,-0.248672022966647,1.21544193209598
