"","","","par1","par2","par3"
"cv",2,105.523429682256,-1.84108521758858,0.463401297813898,1.73548436350627
"cv",3,98.0006604429869,-1.80079204621032,1.10501045034755,1.80805217127509
"cv",4,104.211245423504,-1.81386982984164,2.64642771325354,1.287608589264
"cv",5,102.977883983563,-1.8272497922263,0.467823484282285,1.75528995850035
"cv",6,92.8095585941676,-1.84918120207509,2.69688090780481,1.62866497911153
"cv",7,104.204247731397,-1.84245465675145,1.45592824288871,1.2896025127927
"cv",8,95.4244719090973,-2.00951991836641,0.665637038934333,1.64324462896856
"cv",9,89.797588436402,-1.76768334422889,3.08094718780108,1.43376504000683
