"","","","par1","par2","par3"
"cv",2,110.446061436686,-2.10219879002999,-0.718181448460223,1.21881179417694
"cv",3,82.2225873007697,-2.11869831256838,-0.714847034526594,1.59748897240446
"cv",4,89.6212250821298,-1.87116822584411,-0.715404876003279,1.32020277588071
"cv",5,92.6710879639601,-1.91518590494385,-0.717924916111074,1.521321774461
"cv",6,105.649692435323,0.261161011640628,-1.47925179791364,1.69190199649284
"cv",7,110.134127227347,0.253042764334315,-1.47464039479904,1.27469517390217
"cv",8,92.610640399676,-1.86234151478893,-0.972112173774996,1.46194832962053
"cv",9,107.808673648239,-2.06425037923358,-0.715319777171769,1.14671719712028
