"","","","par1","par2","par3"
"cv",2,98.0591552682824,-1.95513836573434,0.281028377823532,1.55810338636964
"cv",3,102.807193282127,-2.12327824717237,0.177509938618378,1.85542921707824
"cv",4,100.72929728256,-2.06757372243843,1.53718742428299,1.5595385267047
"cv",5,98.002827582991,-1.83432737250293,1.47548408068845,1.70052801659144
"cv",6,90.7760234413783,-1.89594089812242,0.311877381974045,1.84271313523306
"cv",7,95.4689754211803,-2.11810857294508,-0.193073006967538,1.70924623401766
"cv",8,103.795594486635,-1.9780432593135,1.53634294687656,1.41524719442579
"cv",9,105.198123260308,-1.97635030078217,0.0618310088573596,1.04351388793952
