"","","","par1","par2"
"cv",2,101.703435668647,0.234613654988404,-1.34829822057964
"cv",3,101.335781305059,0.250700324967156,-1.34472174870467
"cv",4,101.869505721628,0.242789833574992,-1.31645165575913
"cv",5,100.396892711945,0.253852007156408,-1.27109399009383
"cv",6,100.764823224358,0.251988425655544,-1.33199849423373
"cv",7,99.0107522802301,0.21988569053783,-1.29242650451363
"cv",8,105.856718948311,0.323172523518462,-1.3862693578073
"cv",9,101.426644111424,0.224944437659756,-1.33330041235649
