"","","","par1","par2"
"cv",2,97.214397048707,0.266125256476789,-2.01603750539438
"cv",3,93.7549903817439,0.273744796579413,-1.96548253617121
"cv",4,85.5188665252399,0.279561971225658,-1.92806082008237
"cv",5,97.9663080827451,0.2635559519008,-2.04611870502495
"cv",6,78.5352667754954,0.279814086480817,-1.93309696463403
"cv",7,102.702724864346,0.267635479779917,-2.02958514652633
"cv",8,80.0155771978942,0.26945014273372,-1.94485168368752
"cv",9,95.9779293376955,0.338830914639766,-2.0478388178613
