"","","","par1","par2"
"cv",2,93.5566602363621,-0.0728131422572524,-2.49416004643493
"cv",3,91.365663517139,-0.0971219643540241,-2.48183641696493
"cv",4,21.5142753370652,-0.00224533277492397,-2.38576760975628
"cv",5,51.7163931598131,-0.04356785712643,-2.41109479213817
"cv",6,102.780271687292,0.0311603201957333,-2.51113927303317
"cv",7,93.2107430746544,-0.0825713136410136,-2.45279283686749
"cv",8,35.3842671963723,-0.0908339936861625,-2.4147045942739
"cv",9,73.0818531057703,-0.0753767361485338,-2.48312996098978
