"","","","par1","par2"
"cv",2,75.547776023209,0.206780250587634,-2.18952881068698
"cv",3,97.3112605334141,0.206928111093282,-2.19240867337041
"cv",4,87.933030007195,0.200736599631312,-2.18419207450359
"cv",5,75.3595539479693,0.206597872232348,-2.19191014479305
"cv",6,101.709392509514,0.193700576848828,-2.2420875327075
"cv",7,64.1718611591766,0.175407171828048,-2.13751359636598
"cv",8,83.517836989627,0.191866862094963,-2.21158623846625
"cv",9,94.3255168945701,0.21150745542731,-2.21227432336865
