"","","","par1","par2"
"cv",2,114.151238654583,0.31591492705707,-2.00501405209901
"cv",3,75.0764869844268,0.211290895593284,-1.88177206343034
"cv",4,87.9871071865596,0.195780098645373,-1.90726741694697
"cv",5,84.4765006798836,0.220631251289119,-1.87926744111989
"cv",6,105.00596904279,0.206026249926169,-2.01388033582556
"cv",7,101.720116954637,0.214951427792839,-1.94326280592946
"cv",8,81.3357167252439,0.22749569684656,-1.84235627103704
"cv",9,101.983393786599,0.226065769047954,-1.95612215212642
