"","","","par1","par2"
"cv",2,92.5615482504124,0.386245997103697,-2.20066571790085
"cv",3,89.6840422181822,0.439396638135438,-2.21067250360564
"cv",4,68.3386613462331,0.394793745285677,-2.15405066318928
"cv",5,72.5553955119283,0.388197572883671,-2.11900201494352
"cv",6,100.417564582844,0.398907280325513,-2.20696438603799
"cv",7,68.0937509025827,0.385844915697122,-2.14868439000232
"cv",8,102.985577030312,0.393032085457318,-2.22867591274121
"cv",9,94.0428561147852,0.384130744112998,-2.24545310280694
