"","","","par1","par2"
"cv",2,102.118233745535,0.214353327629957,-1.27783354719906
"cv",3,103.460574100505,0.194855192926803,-1.28584438373551
"cv",4,94.0151087578569,0.213642027706286,-0.983447828118699
"cv",5,106.491817550939,0.18865770952069,-1.36656625350975
"cv",6,98.9636556854001,0.242044798161369,-1.17438253158587
"cv",7,104.275908956481,0.186066948952925,-1.34348698178909
"cv",8,101.046843818021,0.207655365010425,-1.28601099370451
"cv",9,105.460614198402,0.22967715153457,-1.33620822799865
