"","","","par1","par2"
"cv",2,103.415720798618,1.25488455237499,0.626110017005119
"cv",3,103.909072522874,1.2903729328155,0.692027114860033
"cv",4,104.664332584541,1.28391516799307,0.558469036601099
"cv",5,104.087641681647,1.29149178071816,0.691627537123388
"cv",6,104.021715663047,1.26396127472992,0.71372119880592
"cv",7,103.291190090677,1.31084823204219,0.97322351956556
"cv",8,103.658311175389,1.25436166013751,0.830959641134343
"cv",9,103.68048174306,1.29745822375538,0.787092643931835
