"","","","par1","par2","par3"
"cv",2,96.0407459584564,-0.925125119396582,3.91251649836629,-2.83157878540118
"cv",3,93.6341534797509,-0.371591793095517,3.9748622281711,1.01642670379099
"cv",4,94.8700344138526,-0.546845802881777,3.93341047234509,0.255359870188316
"cv",5,94.6362775550006,-0.885138362694037,3.91358788753262,-2.76531161116655
"cv",6,102.822743849326,-0.324152244912932,3.99643703022181,0.786242556820879
"cv",7,95.4915688782984,-0.449794288588732,3.95255965972741,0.664371510258545
"cv",8,95.1538203802243,-0.966064320467906,3.91212292241666,-3.09875595061078
"cv",9,99.5770420086567,-0.852660247200549,3.91514555026577,-2.99806990870131
