"","","","par1","par2","par3"
"cv",2,97.1591245417933,-0.545836165436811,0.150663625239258,-1.33065415663984
"cv",3,96.5208884334118,-0.518337618733879,0.698067452647763,-0.750756148454944
"cv",4,99.5326109987884,-0.592306288617882,-0.25253002654538,-1.7689185072474
"cv",5,96.782516862194,-0.325597961723289,3.99037610612002,2.32555862166938
"cv",6,98.4757269240196,-0.48259058273343,0.23266773153504,-1.2698662240465
"cv",7,107.795876443697,-0.609540532922623,1.64371254545585,-1.22870474425101
"cv",8,100.887289513275,-0.424704242487683,0.240340088359257,-1.28912391058092
"cv",9,97.998606418453,-0.462110749004516,0.578928914704517,-0.906657475201172
