"","","","par1","par2","par3"
"cv",2,84.7785710535697,-0.676660988820468,-1.23155105239318,-3.25393157544176
"cv",3,62.9414435028881,-0.653709637932797,-1.26082093203483,-3.1543884089171
"cv",4,117.575378105983,-0.597717376763955,-1.21194194543789,-3.37027185277373
"cv",5,40.686357440265,0.124624846856347,-4.99999994058472,-2.30910218430783
"cv",6,77.0980157919557,0.107820582489191,-4.99999991257508,-2.38039940273708
"cv",7,133.10525417239,0.137034474455245,-4.99999972788827,-2.55220541009515
"cv",8,79.9994756591567,-0.711892427160843,-1.3025874531954,-3.19658392118504
"cv",9,71.8891719916592,0.119556131672282,-4.99999990492107,-2.32938848807285
