"","","","par1","par2","par3"
"cv",2,110.095178119682,0.29038433418313,-4.99999999507404,-2.28418538500054
"cv",3,96.2347561582911,0.313532088750378,-4.9999998528178,-2.18286544280556
"cv",4,84.8239166648915,-0.440760365722642,-1.18959771514921,-2.89523654284184
"cv",5,103.525017782918,0.2582519512785,-4.68406153405419,-2.24809315941351
"cv",6,66.4538471893489,-0.37376928573631,-1.28859247740143,-2.73383034199715
"cv",7,67.4583361191018,0.278384056884162,-4.99999996556096,-2.12734676149579
"cv",8,139.327911702597,-0.444955807454367,-1.17434636709014,-3.26440198006557
"cv",9,105.501718298626,-0.624621931700646,-0.918439155563115,-3.45033404563535
