"","","","par1","par2"
"cv",2,83.3420492652736,2.1237110865665,-4.22327095974994
"cv",3,52.3373685309225,2.20413782555096,-4.37531295460331
"cv",4,97.5275393851414,2.45881913318834,-4.80177694048124
"cv",5,41.0252362732236,2.40409013305452,-4.71554780037227
"cv",6,77.2286433083689,2.17505119503064,-4.35522722416766
"cv",7,106.579511844004,2.09816323063939,-4.26876451541816
"cv",8,99.3153284747988,2.48006724209327,-4.99999999998923
"cv",9,72.4434800457938,2.30129930028386,-4.52379017475118
