"","","","par1","par2"
"cv",2,84.7946601713739,1.25867222280825,-2.89902661651591
"cv",3,95.3087018115669,1.26390835562327,-2.89477782043097
"cv",4,106.902844516661,2.55469872385985,-4.99999999812171
"cv",5,104.688138882502,1.25961686292495,-2.93696479712283
"cv",6,50.7135586056575,1.18483732649445,-2.83499177056104
"cv",7,77.1181132665894,1.19587775702115,-2.8689711080978
"cv",8,94.8020593115153,1.24554085724913,-2.91240356461371
"cv",9,97.8870640401891,1.26078876249667,-2.91904671723883
