"","","","par1","par2"
"cv",2,97.5189288204501,1.35048821636009,-2.34291638394168
"cv",3,96.9346849239336,1.51085925927557,-2.54922514022493
"cv",4,105.578337942617,1.22504298161991,-2.38310492749843
"cv",5,107.536867163805,1.13957213634197,-2.29568923983835
"cv",6,105.644178379875,1.23024801888703,-2.33941562411761
"cv",7,97.4717221293894,1.56282662009365,-2.6094608854756
"cv",8,99.6382379880135,1.34171056904391,-2.35400855553758
"cv",9,103.433203647507,1.33398500492334,-2.40740819290858
