"","","","par1","par2","par3"
"cv",2,72.6434296430271,2.0570473533662,-1.47355687887619,-4.99999723893918
"cv",3,100.71963048213,2.1486345649508,-1.71651839948495,-4.99995771362238
"cv",4,67.5716036852453,2.22190144754442,-1.8023453918755,-4.99999895574536
"cv",5,102.615107913122,2.20074008044778,-1.83100857123307,-4.99999934081982
"cv",6,105.403738771098,2.20072313948465,-1.87161601251116,-4.99997662149928
"cv",7,44.5848674618131,2.20287582062013,-1.79057021434778,-4.99999848755146
"cv",8,83.0001443426924,2.12049598239924,-1.76846618919583,-4.9999996932449
"cv",9,26.7030220379492,2.21921579075344,-1.79522829972827,-4.99999947727107
