"","","","par1","par2","par3"
"cv",2,98.0411177847677,-1.50340568298273,3.76344834122178,-1.26626872103626
"cv",3,98.0411177847677,-1.04780227584343,3.75110631163051,-0.594904436365333
"cv",4,98.0411177847677,-1.66488860502659,0.355980177443022,-4.89960212116693
"cv",5,98.0411177847677,-1.00859787001139,1.9307432774072,-1.39539658058925
"cv",6,98.0411177847677,-0.147507238355259,2.72964791113285,-2.48888527688211
"cv",7,98.0411177847677,-0.36488474729162,1.51736338228878,-2.50097078249676
"cv",8,98.0411177847677,-1.52480437856287,0.710219688870246,-3.09926403474309
"cv",9,98.0411177847677,0.165859217118578,3.25606974233399,-3.23233408718711
