"","","","par1","par2","par3"
"cv",2,98.3406895014717,2.35134184342867,1.09125005914584,-3.08696542340423
"cv",3,98.3232469188347,2.34793550912994,1.86227569938103,-2.30468878988561
"cv",4,102.386066032737,-4.05301871723904,3.42506851920258,2.54512749394791
"cv",5,103.15505354406,1.11597963716296,-0.28383033022124,-2.61163816177227
"cv",6,98.3849309895495,0.566016502682625,0.630984442446023,-0.690235913365205
"cv",7,98.3659419116536,1.04094994940323,0.887253515441477,-1.01199301835145
"cv",8,98.3176120817344,2.1867584439345,2.14860814577006,-1.70882758476083
"cv",9,98.3218734030129,2.61621478628936,1.57355658325178,-3.11167965011343
