"","","","par1","par2","par3"
"cv",2,103.589574106522,3.43950213265764,1.135704616413,-4.8137903991197
"cv",3,99.057222855629,2.9858856762488,1.05924946157234,-3.8089343142961
"cv",4,100.981880206937,2.84120293749917,0.996549653478488,-3.65745804620486
"cv",5,101.263797455307,3.18847339364032,0.465189187315401,-4.8995344223964
"cv",6,99.3310501036204,3.15255145024189,0.211038359863104,-4.98468945282609
"cv",7,99.1071172130876,2.8519361323849,0.586882888694368,-4.03114463640884
"cv",8,101.218684494446,2.50238301900789,0.538026176966158,-3.46609852489326
"cv",9,103.811975180979,3.00615483592047,0.117383520811947,-4.99996992886416
