"","","","par1","par2","par3"
"cv",2,98.0411177847677,-0.649328394256527,1.83080937186283,-3.05806973429453
"cv",3,98.0411177847677,-0.616637695016303,3.5145085620105,-1.27131619743094
"cv",4,98.0411177847677,0.189789579027953,3.00955222630415,-3.13643678136904
"cv",5,98.0411177847677,-1.24260969926776,2.40001945723412,-3.220652633079
"cv",6,98.0411177847677,2.16479519817335,2.0878742032607,-4.93932324009614
"cv",7,98.0411177847677,-1.22077364194811,3.55461889371824,-0.582806081258582
"cv",8,98.0411177847677,0.771591908339203,1.18299195700153,-4.08324632782757
"cv",9,98.0411177847677,-3.48779327465928,3.82584282622218,-3.74257902684118
