"","","","par1","par2"
"cv",2,111.733586939762,0.165416537703805,-2.16038656206251
"cv",3,98.7200207495513,0.200323699452228,-2.0955060343349
"cv",4,96.4885788970834,0.216007169025147,-2.08771554305078
"cv",5,92.6113897608745,0.195827782543871,-2.10679716839591
"cv",6,78.7951491224531,0.210606396846264,-1.9590990636897
"cv",7,91.5454610100663,0.224253448929723,-2.04532161481236
"cv",8,73.1249509677264,0.215610023862557,-1.92808849769199
"cv",9,85.3388842465413,0.208283606171196,-1.96281137363108
