"","","","par1","par2"
"cv",2,104.364702035283,0.304906285862377,-1.44889750556476
"cv",3,101.224731960427,0.300892068620712,-1.42130221376896
"cv",4,102.787128362042,0.31100966274834,-1.39867833701958
"cv",5,97.5466470937411,0.306299549394408,-1.39740437724255
"cv",6,98.0361349256956,0.295986431812963,-1.34621201901156
"cv",7,98.4328809707198,0.278554911287416,-1.41387126428472
"cv",8,101.571652051795,0.309602365495912,-1.41596825273358
"cv",9,98.8684995953218,0.345700727120106,-1.34220410991333
