"","","","par1","par2"
"cv",2,104.28783627913,0.433243156542049,-0.430861495713366
"cv",3,105.752043259812,0.420114909922707,-0.632894003114069
"cv",4,103.715996117965,3.08823020717795,-0.108269752265141
"cv",5,104.009295008509,3.12636383412292,-0.242237221375349
"cv",6,104.312113092439,0.40416333131345,-0.465248913907835
"cv",7,103.956482655906,3.14875176157612,-0.138041528737603
"cv",8,103.936266363109,2.36945299310367,0.270819877394912
"cv",9,105.17958291113,3.0586845251837,-0.373219285615086
