"","","","par1","par2"
"cv",2,100.650759716999,-1.65784945528556,0.074312589373592
"cv",3,100.650759727991,-1.65853316518395,0.0743125943180381
"cv",4,101.633878273179,-1.7967024876207,-0.0123639033602351
"cv",5,100.650760179758,-1.65891260620385,0.0743127975225695
"cv",6,101.49067924317,-1.65899055380296,-0.00419500938839603
"cv",7,135.908020367511,-1.79395459663716,-1.02679954288725
"cv",8,101.602441980644,-1.65897430396619,-0.0107013601797521
"cv",9,100.650759981207,-1.65781426771032,0.0743127082120476
