"","","","par1","par2"
"cv",2,96.8020518679576,0.222960849841227,-2.01838008473834
"cv",3,81.3274063599656,0.288960424172922,-2.02085215723641
"cv",4,91.4597399950915,0.309285483263566,-2.00224668472743
"cv",5,74.329472655843,0.27755825415515,-1.99197581203253
"cv",6,91.7116687942527,0.222889512583721,-2.05140699422222
"cv",7,83.7509037922243,0.222482522514222,-2.01689235225989
"cv",8,93.1963912042786,0.290661120042589,-2.05248472231236
"cv",9,108.987704789544,0.22516128771835,-2.12583266856594
