"","","","par1","par2"
"cv",2,110.374777682305,0.306035661062162,-2.28150374686148
"cv",3,96.3091118774067,0.320160408349032,-2.17978537237153
"cv",4,86.1929422815066,0.296329714588545,-2.15967227705974
"cv",5,103.41683159174,0.270459031384287,-2.24194337440136
"cv",6,67.1086464586371,0.292101666933133,-2.13139187354803
"cv",7,67.5795014737929,0.291522111513223,-2.12342809046849
"cv",8,118.200308804957,0.262623474982359,-2.31699810818385
"cv",9,59.8415634905611,0.293944205350208,-2.04832909011152
