"","","","par1","par2"
"cv",2,103.239324454438,0.21855369093957,-0.919732747784374
"cv",3,103.035679466515,0.199081237371504,-0.919734544568047
"cv",4,106.262606984486,0.261286875408184,-1.12448703108117
"cv",5,105.073219836617,0.220550970069375,-1.04861621157263
"cv",6,101.939062949191,0.235410354577184,-0.84659235968808
"cv",7,100.434101150096,0.183096006412288,-0.651985205592929
"cv",8,102.869388212293,0.235829687259966,-0.866633826012556
"cv",9,104.346626195616,0.232060686827506,-0.996322640559984
