"","","","par1","par2"
"cv",2,87.2373590254984,0.105314565069626,-2.42061962347151
"cv",3,91.7414928617257,0.281132544886541,-2.40288090357598
"cv",4,78.8717941781572,0.141537897053767,-2.4002494786763
"cv",5,98.7428132687089,0.116530824032662,-2.46476893177483
"cv",6,56.916026856921,0.127926564304322,-2.36487363730725
"cv",7,76.4600368195901,0.121537816941299,-2.3631702354595
"cv",8,73.1345565486599,0.141146795356167,-2.32901497673952
"cv",9,44.6116501365263,0.114902822437508,-2.33485966311606
