"","","","par1","par2"
"cv",2,103.302016742515,0.84347624884787,-0.284963913806448
"cv",3,103.261784523653,0.846064626629577,-0.210518720627919
"cv",4,105.605527391633,0.400490099860194,-0.840253179745597
"cv",5,103.086280734049,0.861014580470576,-0.176548436323987
"cv",6,103.686673395048,0.851281004114591,-0.297378880931577
"cv",7,107.64066193909,0.841792938939304,-0.720133678573739
"cv",8,103.737557157481,0.720783368073624,-0.453128647669683
"cv",9,102.812247160224,0.857659008861282,-0.110973503970436
