"","","","par1","par2"
"cv",2,81.9931773873689,0.142159816933151,-2.38019924347272
"cv",3,119.924995739826,0.208570841504565,-2.43601381812667
"cv",4,84.2123815684954,0.155336893987852,-2.33603589978403
"cv",5,48.2321892676851,0.122585706916658,-2.30785423683342
"cv",6,54.7430054009166,0.17161227739725,-2.28617829688701
"cv",7,93.1520452174505,0.169144158431285,-2.35849932528078
"cv",8,62.5111533501905,0.138942250710891,-2.31884724456079
"cv",9,53.4565853664367,0.122795835302368,-2.27881071118934
