"","","","par1","par2","par3"
"cv",2,89.7491612072697,-0.674865152936498,-1.06192866023517,-3.08178538430707
"cv",3,98.1820661693145,0.153637760601785,-4.99999899185162,-1.95543130253641
"cv",4,99.9202297327868,-0.70953107913165,-0.9224646827931,-3.4144431965743
"cv",5,102.004722758678,-0.643604349926677,-1.02391670247925,-3.20971903402504
"cv",6,84.4959120933949,-0.695772725638249,-1.05847360543007,-2.99639833168306
"cv",7,119.779920001132,-0.587866365428663,-1.04153547515974,-3.25173310996605
"cv",8,91.5919945510918,0.17644544391171,-4.9999993143661,-1.89335330820625
"cv",9,98.0188482258887,0.163564806471235,-4.99999890767337,-1.92978082072197
