"","","","par1","par2","par3"
"cv",2,98.3337948599812,-1.33764618146354,3.18013062709509,2.01039409598974
"cv",3,98.3306461309481,-1.32526641737855,3.39064040302106,2.22126441895882
"cv",4,102.385349566476,-2.60545818562104,3.99080894451843,2.54063615306112
"cv",5,105.213603582567,-0.935998473951215,-0.515942581872711,-2.25971264347252
"cv",6,98.3382708191536,-2.88878618127531,2.98556044037831,1.81565723447197
"cv",7,98.3377468189247,-2.38375775918936,2.98557123269754,1.81561529043393
"cv",8,98.3283934752282,-1.27714474229181,3.24372601365978,2.07354706103015
"cv",9,98.3299220214151,-1.3480586370952,3.39029550670046,2.22070769300288
